/*
SQLyog Ultimate v11.24 (32 bit)
MySQL - 10.1.37-MariaDB : Database - vueshop
*********************************************************************
*/

/*!40101 SET NAMES utf8 */;

/*!40101 SET SQL_MODE=''*/;

/*!40014 SET @OLD_UNIQUE_CHECKS=@@UNIQUE_CHECKS, UNIQUE_CHECKS=0 */;
/*!40014 SET @OLD_FOREIGN_KEY_CHECKS=@@FOREIGN_KEY_CHECKS, FOREIGN_KEY_CHECKS=0 */;
/*!40101 SET @OLD_SQL_MODE=@@SQL_MODE, SQL_MODE='NO_AUTO_VALUE_ON_ZERO' */;
/*!40111 SET @OLD_SQL_NOTES=@@SQL_NOTES, SQL_NOTES=0 */;
CREATE DATABASE /*!32312 IF NOT EXISTS*/`vueshop` /*!40100 DEFAULT CHARACTER SET latin1 */;

USE `vueshop`;

/*Table structure for table `vueshop_admin` */

DROP TABLE IF EXISTS `vueshop_admin`;

CREATE TABLE `vueshop_admin` (
  `id` int(10) unsigned NOT NULL AUTO_INCREMENT COMMENT '用户id',
  `username` varchar(255) NOT NULL COMMENT '用户名',
  `password` char(32) NOT NULL DEFAULT '' COMMENT '密码',
  `salt` varchar(32) NOT NULL DEFAULT '' COMMENT '密码盐',
  `avatar` varchar(255) NOT NULL DEFAULT '' COMMENT '用户头像',
  PRIMARY KEY (`id`),
  UNIQUE KEY `username` (`username`)
) ENGINE=InnoDB AUTO_INCREMENT=3 DEFAULT CHARSET=utf8;

/*Data for the table `vueshop_admin` */

insert  into `vueshop_admin`(`id`,`username`,`password`,`salt`,`avatar`) values (1,'admin','61fcefcdc467b9688fa5f72b4e7e78c6','ItCast','static/uploads/admin_avatar/2024/12/96c365fd-3a8c-4dee-bb4d-2e5901c866f5.png'),(2,'demo','61fcefcdc467b9688fa5f72b4e7e78c6','ItCast','');

/*Table structure for table `vueshop_category` */

DROP TABLE IF EXISTS `vueshop_category`;

CREATE TABLE `vueshop_category` (
  `id` int(10) unsigned NOT NULL AUTO_INCREMENT COMMENT '分类id',
  `name` varchar(255) NOT NULL DEFAULT '' COMMENT '分类名称',
  `picture` varchar(255) NOT NULL DEFAULT '' COMMENT '分类图片',
  `pid` int(10) unsigned NOT NULL DEFAULT '0' COMMENT '上级分类id',
  PRIMARY KEY (`id`)
) ENGINE=InnoDB AUTO_INCREMENT=34 DEFAULT CHARSET=utf8;

/*Data for the table `vueshop_category` */

insert  into `vueshop_category`(`id`,`name`,`picture`,`pid`) values (1,'掌机','',0),(2,'任天堂','static/uploads/category_picture/2024/12/f10305f6-807e-4c02-a527-dab71e1d5397.jpg',1),(3,'steamdeck','static/uploads/category_picture/2024/12/1588912e-9b51-4645-a207-3dae063144b8.jpg',1),(4,'ROG','static/uploads/category_picture/2024/12/62168344-3690-470e-87b9-6289f688dae2.jpg',1),(5,'电子游戏','',0),(6,'黑神话悟空','static/uploads/category_picture/2024/12/c7306d78-7534-4a0e-a5c1-81694743337a.jpg',5),(7,'最终幻想7重置版','static/uploads/category_picture/2024/12/201b8946-81f6-401d-909f-8e25fed35c7f.jpg',5),(8,'怪物猎人：荒野','static/uploads/category_picture/2024/12/611ff6d2-d163-4b11-9331-5563ee306769.jpg',5),(9,'神秘海域4','static/uploads/category_picture/2024/12/a9320d47-fc00-44ee-b5e8-6f1302753861.jpg',5),(10,'最后生还者','static/uploads/category_picture/2024/12/4ba64527-3ceb-467e-97a0-32625050ccbe.jpg',5),(11,'电子产品','',0),(12,'显卡','static/uploads/category_picture/2024/12/0ebaadff-617c-413f-b72e-ab448ebcf653.jpg',11),(13,'显示器','static/uploads/category_picture/2024/12/85c56265-7ebf-4af0-ae75-4877b83267c1.jpg',11),(14,'键鼠','static/uploads/category_picture/2024/12/c197a54d-8734-41f9-aa21-e1b3e8eb80df.png',11),(15,'潮鞋','',0),(16,'aj1 系列','static/uploads/category_picture/2024/12/10abb974-6ad8-49ed-a39f-b9bec4e25c48.jpeg',15),(17,'aj3 系列','static/uploads/category_picture/2024/12/ee0f84d4-32e4-46e1-a02d-d0b01e6cf200.jpg',15),(18,'aj312 系列','static/uploads/category_picture/2024/12/e49acf4a-edf4-4d1b-a770-0f8ef827df13.jpg',15),(19,'aj11 系列','static/uploads/category_picture/2024/12/4fe26f8e-bb3a-4739-a373-82d23a507afd.jpg',15),(20,'aj4 系列','static/uploads/category_picture/2024/12/f604c2e4-24ae-487e-97fc-6df9bbb7a897.jpeg',15),(21,'潮服','',0),(22,'保罗','static/uploads/category_picture/2024/12/2a1c1897-0238-4c41-826e-95067468cd7d.jpg',21),(23,'李宁系列','static/uploads/category_picture/2024/12/f1dc43dd-ca31-41e1-80cf-7c712434c28b.jpg',21),(24,'安踏系列','static/uploads/category_picture/2024/12/494a037a-a7f4-414a-a5d7-6e84bb8a3ad9.jpg',21),(25,'NIKE 系列','static/uploads/category_picture/2024/12/ca56cb28-9f1e-4195-8a08-d8eead0657f0.jpg',21),(26,'安德玛','static/uploads/category_picture/2024/12/d4405b04-f57e-459f-bdd0-88d43bc3d5b1.jpg',21),(27,'运动','',0),(28,'登山鞋','static/uploads/category_picture/2024/12/968e61ac-8dbe-4e68-8080-b4e1c489e427.jpg',27),(29,'蓝球','static/uploads/category_picture/2024/12/9d93f2ac-a494-432c-a17e-f525c350710a.jpg',27),(30,'垂钓用品','static/image/category/motion/fishingrod.png',27),(31,'雪橇','static/uploads/category_picture/2024/12/7a76b1f8-1fb4-4da8-803c-4664cd31fcf4.jpg',27),(32,'骑行装备','static/image/category/motion/bicycle.png',27),(33,'电动车','static/image/category/motion/vehicle.png',27);

/*Table structure for table `vueshop_goods` */

DROP TABLE IF EXISTS `vueshop_goods`;

CREATE TABLE `vueshop_goods` (
  `id` int(10) unsigned NOT NULL AUTO_INCREMENT COMMENT '商品id',
  `category_id` int(10) unsigned NOT NULL DEFAULT '0' COMMENT '分类id ',
  `name` varchar(255) NOT NULL DEFAULT '' COMMENT '商品名称',
  `price` decimal(10,2) NOT NULL DEFAULT '0.00' COMMENT '商品价格',
  `picture` varchar(255) NOT NULL DEFAULT '' COMMENT '商品图片',
  `stock` int(11) NOT NULL DEFAULT '0' COMMENT '商品库存',
  `spec` varchar(255) NOT NULL DEFAULT '' COMMENT '商品规格',
  `description` mediumtext NOT NULL COMMENT '商品简介',
  PRIMARY KEY (`id`)
) ENGINE=InnoDB AUTO_INCREMENT=11 DEFAULT CHARSET=utf8;

/*Data for the table `vueshop_goods` */

insert  into `vueshop_goods`(`id`,`category_id`,`name`,`price`,`picture`,`stock`,`spec`,`description`) values (1,7,'葡萄柚','10.00','static/image/goods/grapefruit.png',10,'大果 300g','葡萄柚含有丰富的蛋白质、维生素、叶酸、无机盐、纤维素等等。'),(2,12,'RTX 4090','10.00','static/uploads/goods_picture/2024/12/19d9ef06-7f78-4eef-8f87-083801c6e35b.jpg',204,'','<div class=\"lemmaSummary_aDCp0 J-summary\">\n<div class=\"para_jzmEb summary_TsRbf MARK_MODULE\" data-tag=\"paragraph\" data-uuid=\"tcLCIefrv1zQ\" data-idx=\"\"><span class=\"text_QZdcK\" data-text=\"true\">RTX 4090是NVIDIA旗下电子产品。</span></div>\n<div class=\"para_jzmEb summary_TsRbf MARK_MODULE\" data-tag=\"paragraph\" data-uuid=\"uqQw9QWfRYnP\" data-idx=\"\"><span class=\"text_QZdcK\" data-text=\"true\">RTX 4090 具有 760 亿个</span><span class=\"text_QZdcK\" data-text=\"true\"><a class=\"innerLink_S8kU6\" href=\"https://baike.baidu.com/item/%E6%99%B6%E4%BD%93%E7%AE%A1/569042?fromModule=lemma_inlink\" target=\"_blank\" rel=\"noopener\" data-from-module=\"summary\">晶体管</a></span><span class=\"text_QZdcK\" data-text=\"true\">、16384 个&nbsp;</span><span class=\"text_QZdcK\" data-text=\"true\"><a class=\"innerLink_S8kU6\" href=\"https://baike.baidu.com/item/CUDA/1186262?fromModule=lemma_inlink\" target=\"_blank\" rel=\"noopener\" data-from-module=\"summary\">CUDA</a></span><span class=\"text_QZdcK\" data-text=\"true\">&nbsp;核心和 24 GB 高速</span><span class=\"text_QZdcK\" data-text=\"true\"><a class=\"innerLink_S8kU6\" href=\"https://baike.baidu.com/item/%E9%95%81%E5%85%89/18800686?fromModule=lemma_inlink\" target=\"_blank\" rel=\"noopener\" data-from-module=\"summary\">镁光</a></span><span class=\"text_QZdcK\" data-text=\"true\"><a class=\"innerLink_S8kU6\" href=\"https://baike.baidu.com/item/GDDR6/7763323?fromModule=lemma_inlink\" target=\"_blank\" rel=\"noopener\" data-from-module=\"summary\">GDDR6</a></span><span class=\"text_QZdcK\" data-text=\"true\">X&nbsp;</span><span class=\"text_QZdcK\" data-text=\"true\"><a class=\"innerLink_S8kU6\" href=\"https://baike.baidu.com/item/%E6%98%BE%E5%AD%98/531200?fromModule=lemma_inlink\" target=\"_blank\" rel=\"noopener\" data-from-module=\"summary\">显存</a></span><span class=\"text_QZdcK\" data-text=\"true\">，在&nbsp;</span><span class=\"text_QZdcK\" data-text=\"true\"><a class=\"innerLink_S8kU6\" href=\"https://baike.baidu.com/item/4K/2659257?fromModule=lemma_inlink\" target=\"_blank\" rel=\"noopener\" data-from-module=\"summary\">4K</a></span><span class=\"text_QZdcK\" data-text=\"true\">&nbsp;分辨率的游戏中持续以超过 100&nbsp;</span><span class=\"text_QZdcK\" data-text=\"true\"><a class=\"innerLink_S8kU6\" href=\"https://baike.baidu.com/item/FPS/3227416?fromModule=lemma_inlink\" target=\"_blank\" rel=\"noopener\" data-from-module=\"summary\">FPS</a></span><span class=\"text_QZdcK\" data-text=\"true\">&nbsp;运行。RTX 4090 采用全新的&nbsp;</span><span class=\"text_QZdcK\" data-text=\"true\"><a class=\"innerLink_S8kU6\" href=\"https://baike.baidu.com/item/DLSS/60106507?fromModule=lemma_inlink\" target=\"_blank\" rel=\"noopener\" data-from-module=\"summary\">DLSS</a></span><span class=\"text_QZdcK\" data-text=\"true\">&nbsp;3 技术，相比3090 TI，性能提升可达2-4倍，同时保持了相同的 450W 功耗。</span><span class=\"supWrap_jq1IF J-supWrap\"><sup data-tag=\"ref\">&nbsp;[3]<em id=\"sup-3\"></em></sup></span><span class=\"text_QZdcK\" data-text=\"true\">2022年10月15日，</span><span class=\"text_QZdcK\" data-text=\"true\"><a class=\"innerLink_S8kU6\" href=\"https://baike.baidu.com/item/GeForce%20/7334006?fromModule=lemma_inlink\" target=\"_blank\" rel=\"noopener\" data-from-module=\"summary\">GeForce&nbsp;</a></span><span class=\"text_QZdcK\" data-text=\"true\">RTX 4090 系列显卡正式开售。</span><span class=\"supWrap_jq1IF J-supWrap\"><sup data-tag=\"ref\">&nbsp;</sup></span></div>\n<div class=\"para_jzmEb summary_TsRbf MARK_MODULE\" data-tag=\"paragraph\" data-uuid=\"tT5rCCCNo3rZ\" data-idx=\"\"><span class=\"text_QZdcK\" data-text=\"true\">2023年10月18日，在</span><span class=\"text_QZdcK\" data-text=\"true\"><a class=\"innerLink_S8kU6\" href=\"https://baike.baidu.com/item/%E6%8B%9C%E7%99%BB/9080151?fromModule=lemma_inlink\" target=\"_blank\" rel=\"noopener\" data-from-module=\"summary\">拜登</a></span><span class=\"text_QZdcK\" data-text=\"true\">政府更新针对人工智能（AI）芯片的出口管制规定后的次日，英伟达RTX4090显卡已在各大购物网站下架</span></div>\n</div>\n<div class=\"basicInfo_qdj5G J-basic-info\">\n<div class=\"itemWrapper_YbRH8\">&nbsp;</div>\n</div>'),(3,7,'西红柿','3.00','static/image/goods/tomatoes.png',20,'5斤装','西红柿属于常见的水果，不仅美味，还营养丰富，具有美容养颜、保护视力等功效。'),(4,7,'生菜','6.00','static/image/goods/lettuce.png',20,'1斤装','生菜可生食，脆嫩爽口，略甜，具有改善睡眠、减肥瘦身、保护视力等功效。'),(5,7,'菠菜','4.00','static/image/goods/spinach.png',50,'1斤装','菠菜富含类胡萝卜素、维生素C、维生素K，具有保护视力、美容养颜、缓解贫血、通肠导便的功效。'),(6,9,'神秘海域4','376.00','static/uploads/goods_picture/2024/12/f101c3d8-a721-445e-9894-31b43422e0e7.jpg',345,'','<div class=\"para_jzmEb summary_TsRbf MARK_MODULE\" data-tag=\"paragraph\" data-uuid=\"go132ubnme\" data-idx=\"\"><span class=\"text_QZdcK\" data-text=\"true\">《神秘海域4：盗贼末路》是由</span><span class=\"text_QZdcK\" data-text=\"true\"><a class=\"innerLink_S8kU6\" href=\"https://baike.baidu.com/item/%E9%A1%BD%E7%9A%AE%E7%8B%97/270397?fromModule=lemma_inlink\" target=\"_blank\" rel=\"noopener\" data-from-module=\"summary\">顽皮狗</a></span><span class=\"text_QZdcK\" data-text=\"true\">开发的一款动作冒险类游戏，是《</span><span class=\"text_QZdcK\" data-text=\"true\"><a class=\"innerLink_S8kU6\" href=\"https://baike.baidu.com/item/%E7%A5%9E%E7%A7%98%E6%B5%B7%E5%9F%9F/5154898?fromModule=lemma_inlink\" target=\"_blank\" rel=\"noopener\" data-from-module=\"summary\">神秘海域</a></span><span class=\"text_QZdcK\" data-text=\"true\">》系列游戏之一，于2016年5月10日发行。</span></div>\n<div class=\"para_jzmEb summary_TsRbf MARK_MODULE\" data-tag=\"paragraph\" data-uuid=\"go132w0axo\" data-idx=\"\"><span class=\"text_QZdcK\" data-text=\"true\">该游戏讲述主角德里克被强行拉回盗贼的世界，在这里玩家将会以寻找传说中海盗的宝藏并揭露历史中隐藏的阴谋为主线进行一场全新的世界旅行。</span></div>'),(7,7,'香菇','8.00','static/image/goods/mushroom.jpg',500,'1斤装','香菇肉质肥厚细嫩，味道鲜美，香气独特，营养丰富，是一种食药同源的食物，具有很高的营养、药用和保健价值。'),(8,10,'最后生还者','468.00','static/uploads/goods_picture/2024/12/7a42e48d-419b-4f58-bac7-5bea3b0a2faa.jpg',60,'','<div class=\"para_jzmEb summary_TsRbf MARK_MODULE\" data-tag=\"paragraph\" data-uuid=\"gnfy1th0wi\" data-idx=\"\"><span class=\"text_QZdcK\" data-text=\"true\">《最后生还者》（The Last of Us）是由游戏工作室</span><span class=\"text_QZdcK\" data-text=\"true\"><a class=\"innerLink_S8kU6\" href=\"https://baike.baidu.com/item/%E9%A1%BD%E7%9A%AE%E7%8B%97/270397?fromModule=lemma_inlink\" target=\"_blank\" rel=\"noopener\" data-from-module=\"summary\">顽皮狗</a></span><span class=\"text_QZdcK\" data-text=\"true\">第二团队秘密开发两年的作品，讲述了人类因现代传染病而面临绝种危机，当环境从废墟的都市再度自然化时，幸存的人类为了生存而自相残杀的故事。但是和以往的同类题材游戏有着很大的不同，两名主角个性鲜明，在探索困境下人类的心理波动，突出放大主角们的心理活动。</span></div>\n<div class=\"para_jzmEb summary_TsRbf MARK_MODULE\" data-tag=\"paragraph\" data-uuid=\"gnfy1utziq\" data-idx=\"\"><span class=\"text_QZdcK\" data-text=\"true\">游戏在还未正式发售时，就已经提前征服了各大游戏媒体，截止到2013年6月它已经获得了共计30个媒体的满分。这些给出满分评价的网站媒体中包括</span><span class=\"text_QZdcK\" data-text=\"true\"><a class=\"innerLink_S8kU6\" href=\"https://baike.baidu.com/item/IGN/2304821?fromModule=lemma_inlink\" target=\"_blank\" rel=\"noopener\" data-from-module=\"summary\">IGN</a></span><span class=\"text_QZdcK\" data-text=\"true\">、Eurogamer、CVG、Edge等一干著名媒体，</span><span class=\"supWrap_jq1IF J-supWrap\"><sup data-tag=\"ref\">&nbsp;[1]<em id=\"sup-1\"></em></sup></span><span class=\"text_QZdcK\" data-text=\"true\">并在2013年大部分游戏媒体中享有极高的评价。</span></div>\n<div class=\"para_jzmEb summary_TsRbf MARK_MODULE\" data-tag=\"paragraph\" data-uuid=\"tfOszLykrHac\" data-idx=\"\"><span class=\"text_QZdcK\" data-text=\"true\">2022年9月2日，游戏登录</span><span class=\"text_QZdcK\" data-text=\"true\"><a class=\"innerLink_S8kU6\" href=\"https://baike.baidu.com/item/PS5/4510705?fromModule=lemma_inlink\" target=\"_blank\" rel=\"noopener\" data-from-module=\"summary\">PS5</a></span><span class=\"text_QZdcK\" data-text=\"true\">平台。</span><span class=\"supWrap_jq1IF J-supWrap\"><sup data-tag=\"ref\">&nbsp;[77]<em id=\"sup-77\"></em></sup></span><span class=\"text_QZdcK\" data-ctrid-tpmcwumxnlln=\"tpMCwUMxNLlN\" data-ctrid-tpmcyrexs19g=\"tpMCyrexS19g\" data-text=\"true\">2023年3月28日，游戏登录PC平台，于</span><span class=\"text_QZdcK\" data-text=\"true\"><a class=\"innerLink_S8kU6\" href=\"https://baike.baidu.com/item/Steam/10092959?fromModule=lemma_inlink\" target=\"_blank\" rel=\"noopener\" data-from-module=\"summary\">Steam</a></span><span class=\"text_QZdcK\" data-ctrid-tpmcwumxnlln=\"tpMCwUMxNLlN\" data-ctrid-tpmcyrexs19g=\"tpMCyrexS19g\" data-text=\"true\">与</span><span class=\"text_QZdcK\" data-text=\"true\"><a class=\"innerLink_S8kU6\" href=\"https://baike.baidu.com/item/Epic/13838948?fromModule=lemma_inlink\" target=\"_blank\" rel=\"noopener\" data-from-module=\"summary\">Epic</a></span><span class=\"text_QZdcK\" data-ctrid-tpmcwumxnlln=\"tpMCwUMxNLlN\" data-ctrid-tpmcyrexs19g=\"tpMCyrexS19g\" data-text=\"true\">发售，售价379元。</span><span class=\"supWrap_jq1IF J-supWrap\"><sup data-tag=\"ref\">&nbsp;[78-79]<em id=\"sup-78\" data-ctrid=\"tpMCwUMxNLlN\"></em><em id=\"sup-79\" data-ctrid=\"tpMCyrexS19g\"></em></sup></span></div>\n<div class=\"para_jzmEb summary_TsRbf MARK_MODULE\" data-tag=\"paragraph\" data-uuid=\"tH8QXvAU5AWG\" data-idx=\"\"><span class=\"text_QZdcK\" data-text=\"true\">2023年6月14日，游戏经历了一系列优化问题之后，已通过了 Steam Deck 验证。</span></div>'),(9,2,'steam deck','4000.00','static/uploads/goods_picture/2024/12/5b337e2a-7bc2-428e-9f31-ad32b0213b47.jpg',309,'64g/128g','<div class=\"para_jzmEb summary_TsRbf MARK_MODULE\" data-tag=\"paragraph\" data-uuid=\"sDngryqzoNKs\" data-idx=\"\"><span class=\"text_QZdcK\" data-ctrid-sdnh5jzzyzda=\"sDnh5jzzyZDA\" data-text=\"true\">Steam Deck是</span><span class=\"text_QZdcK\" data-text=\"true\"><a class=\"innerLink_S8kU6\" href=\"https://baike.baidu.com/item/Valve/5053718?fromModule=lemma_inlink\" target=\"_blank\" rel=\"noopener\" data-from-module=\"summary\">Valve</a></span><span class=\"text_QZdcK\" data-ctrid-sdnh5jzzyzda=\"sDnh5jzzyZDA\" data-text=\"true\">开发的便携式</span><span class=\"text_QZdcK\" data-text=\"true\"><a class=\"innerLink_S8kU6\" href=\"https://baike.baidu.com/item/%E6%8E%8C%E4%B8%8A%E6%B8%B8%E6%88%8F%E6%9C%BA/9794830?fromModule=lemma_inlink\" target=\"_blank\" rel=\"noopener\" data-from-module=\"summary\">掌上游戏机</a></span><span class=\"text_QZdcK\" data-ctrid-sdnh5jzzyzda=\"sDnh5jzzyZDA\" data-text=\"true\">。</span><span class=\"text_QZdcK\" data-ctrid-sdnh5jzzyzda=\"sDnh5jzzyZDA\" data-ctrid-sdnhmqwegk5f=\"sDnhMqwEGk5f\" data-text=\"true\">设备搭载的</span><span class=\"text_QZdcK\" data-text=\"true\"><a class=\"innerLink_S8kU6\" href=\"https://baike.baidu.com/item/Steam%20OS/12635031?fromModule=lemma_inlink\" target=\"_blank\" rel=\"noopener\" data-from-module=\"summary\">Steam OS</a></span><span class=\"text_QZdcK\" data-ctrid-sdnh5jzzyzda=\"sDnh5jzzyZDA\" data-ctrid-sdnhmqwegk5f=\"sDnhMqwEGk5f\" data-text=\"true\">支持运行其它游戏平台，并且能够运行其中的游戏。</span><span class=\"supWrap_jq1IF J-supWrap\"><sup data-tag=\"ref\">&nbsp;[2]<em id=\"sup-2\" data-ctrid=\"sDnhMqwEGk5f\"></em></sup></span><span class=\"text_QZdcK\" data-text=\"true\">Steam Deck</span><span class=\"text_QZdcK\" data-text=\"true\"><a class=\"innerLink_S8kU6\" href=\"https://baike.baidu.com/item/%E6%8E%8C%E6%9C%BA/2088143?fromModule=lemma_inlink\" target=\"_blank\" rel=\"noopener\" data-from-module=\"summary\">掌机</a></span><span class=\"text_QZdcK\" data-text=\"true\">定档2022年2月25日发售，起售价399美元。</span><span class=\"supWrap_jq1IF J-supWrap\"><sup data-tag=\"ref\">&nbsp;[7]<em id=\"sup-7\"></em></sup></span></div>\n<div class=\"para_jzmEb summary_TsRbf MARK_MODULE\" data-tag=\"paragraph\" data-uuid=\"sWVEZzjXAstU\" data-idx=\"\"><span class=\"text_QZdcK\" data-text=\"true\">2022年2月9日，Steam Deck续航测试正式出炉，实际效果有偏差。</span><span class=\"supWrap_jq1IF J-supWrap\"><sup data-tag=\"ref\">&nbsp;[9]<em id=\"sup-9\"></em></sup></span></div>\n<div class=\"para_jzmEb summary_TsRbf MARK_MODULE\" data-tag=\"paragraph\" data-uuid=\"th5foX8TIaUP\" data-idx=\"\"><span class=\"text_QZdcK\" data-text=\"true\">2022年9月，Valve宣布，Steam Deck维修中心已上线，如果用户的Steam Deck遇到问题，可将设备送至维修中心。</span></div>'),(10,2,'switch','2300.00','static/uploads/goods_picture/2024/12/1c052f11-44dd-4c77-b1f2-3a3548fe9534.jpg',198,'64g/128g','<div class=\"para_jzmEb summary_TsRbf MARK_MODULE\" data-tag=\"paragraph\" data-uuid=\"gnwwlhm2yt\" data-idx=\"\"><span class=\"text_QZdcK\" data-text=\"true\">Nintendo Switch是</span><span class=\"text_QZdcK\" data-text=\"true\"><a class=\"innerLink_S8kU6\" href=\"https://baike.baidu.com/item/%E4%BB%BB%E5%A4%A9%E5%A0%82/130639?fromModule=lemma_inlink\" target=\"_blank\" rel=\"noopener\" data-from-module=\"summary\">任天堂</a></span><span class=\"text_QZdcK\" data-text=\"true\">于2017年1月13日发布的游戏机。</span><span class=\"supWrap_jq1IF J-supWrap\"><sup data-tag=\"ref\">&nbsp;[1]<em id=\"sup-1\"></em></sup></span></div>\n<div class=\"para_jzmEb summary_TsRbf MARK_MODULE\" data-tag=\"paragraph\" data-uuid=\"t96gnWVrqSoq\" data-idx=\"\"><span class=\"text_QZdcK\" data-text=\"true\">Nintendo Switch正面搭载了一块分辨率为720P的6.2英寸</span><span class=\"text_QZdcK\" data-text=\"true\"><a class=\"innerLink_S8kU6\" href=\"https://baike.baidu.com/item/LCD/361823?fromModule=lemma_inlink\" target=\"_blank\" rel=\"noopener\" data-from-module=\"summary\">LCD</a></span><span class=\"text_QZdcK\" data-text=\"true\">屏幕；具有电光蓝&middot;电光红和灰色2种颜色；机身长度102毫米，宽度239毫米，厚度13.9毫米，重量约398克。</span><span class=\"supWrap_jq1IF J-supWrap\"><sup data-tag=\"ref\">&nbsp;[2]<em id=\"sup-2\"></em></sup></span></div>\n<div class=\"para_jzmEb summary_TsRbf MARK_MODULE\" data-tag=\"paragraph\" data-uuid=\"t96gnX5vVR0R\" data-idx=\"\"><span class=\"text_QZdcK\" data-text=\"true\">Nintendo Switch主机内存为32GB，可以使用</span><span class=\"text_QZdcK\" data-text=\"true\"><a class=\"innerLink_S8kU6\" href=\"https://baike.baidu.com/item/microSD%E5%8D%A1/7732074?fromModule=lemma_inlink\" target=\"_blank\" rel=\"noopener\" data-from-module=\"summary\">microSD卡</a></span><span class=\"text_QZdcK\" data-text=\"true\">来进一步扩充内存容量；采用立体声扬声器，支持加速度感应器、陀螺仪感应器和亮度感应器；Nintendo Switch主机内置4310毫安时可充锂电池，</span><span class=\"text_QZdcK\" data-text=\"true\"><a class=\"innerLink_S8kU6\" href=\"https://baike.baidu.com/item/Joy-Con/62614032?fromModule=lemma_inlink\" target=\"_blank\" rel=\"noopener\" data-from-module=\"summary\">Joy-Con</a></span><span class=\"text_QZdcK\" data-text=\"true\">内置525毫安时可充锂电池。</span></div>');

/*Table structure for table `vueshop_goods_album` */

DROP TABLE IF EXISTS `vueshop_goods_album`;

CREATE TABLE `vueshop_goods_album` (
  `id` int(10) unsigned NOT NULL AUTO_INCREMENT COMMENT '图片id',
  `goods_id` int(10) unsigned NOT NULL COMMENT '商品id',
  `picture` varchar(255) NOT NULL DEFAULT '' COMMENT '商品图片',
  PRIMARY KEY (`id`)
) ENGINE=InnoDB AUTO_INCREMENT=14 DEFAULT CHARSET=utf8;

/*Data for the table `vueshop_goods_album` */

insert  into `vueshop_goods_album`(`id`,`goods_id`,`picture`) values (3,7,'static/image/goods/spinach.png'),(4,7,'static/image/goods/spinach.png'),(5,10,'static/uploads/goods_album/2024/12/27006654-024e-46fa-92cd-74ec8327eff9.jpg'),(6,10,'static/uploads/goods_album/2024/12/540bc7e3-1677-4230-95ba-b5a9e0e3d103.jpg'),(7,10,'static/uploads/goods_album/2024/12/7c6ef1d2-870a-40f6-aefb-9e95c59b65d7.jpg'),(8,9,'static/uploads/goods_album/2024/12/38fc1cc7-bf6f-4281-9192-3e2ce6f2c0ec.jpg'),(9,8,'static/uploads/goods_album/2024/12/effdeee7-7b7e-4b76-8131-f64c76f4b8a9.jpg'),(10,6,'static/uploads/goods_album/2024/12/2cb6763c-113c-4445-9b8c-0f82a920949b.jpg'),(13,2,'static/uploads/goods_album/2024/12/4ec1b412-ee7e-461f-928e-2fa23464ff3d.jpg');

/*Table structure for table `vueshop_user` */

DROP TABLE IF EXISTS `vueshop_user`;

CREATE TABLE `vueshop_user` (
  `id` int(10) unsigned NOT NULL AUTO_INCREMENT COMMENT '用户id',
  `username` varchar(255) NOT NULL COMMENT '用户名',
  `password` char(32) NOT NULL DEFAULT '' COMMENT '密码',
  `salt` varchar(32) NOT NULL DEFAULT '' COMMENT '密码盐',
  `avatar` varchar(255) NOT NULL DEFAULT '' COMMENT '用户头像',
  PRIMARY KEY (`id`),
  UNIQUE KEY `username` (`username`)
) ENGINE=InnoDB AUTO_INCREMENT=3 DEFAULT CHARSET=utf8;

/*Data for the table `vueshop_user` */

insert  into `vueshop_user`(`id`,`username`,`password`,`salt`,`avatar`) values (1,'demo1','61fcefcdc467b9688fa5f72b4e7e78c6','ItCast',''),(2,'demo2','61fcefcdc467b9688fa5f72b4e7e78c6','ItCast','');

/*!40101 SET SQL_MODE=@OLD_SQL_MODE */;
/*!40014 SET FOREIGN_KEY_CHECKS=@OLD_FOREIGN_KEY_CHECKS */;
/*!40014 SET UNIQUE_CHECKS=@OLD_UNIQUE_CHECKS */;
/*!40111 SET SQL_NOTES=@OLD_SQL_NOTES */;
